epoch,stage,loss,accuracy,val_loss,val_accuracy
1,Initial Transfer Learning,2.239185094833374,0.11365003138780594,2.1664297580718994,0.1669004261493683
2,Initial Transfer Learning,2.239591121673584,0.10853878408670425,2.2240467071533203,0.06732118129730225
3,Initial Transfer Learning,2.2376153469085693,0.10763680189847946,2.189798355102539,0.1669004261493683
4,Initial Transfer Learning,2.217026710510254,0.1139506921172142,2.218076467514038,0.0883590430021286
5,Initial Transfer Learning,2.219999074935913,0.11545399576425552,2.205787181854248,0.09256661683320999
6,Initial Transfer Learning,2.214237689971924,0.10823812335729599,2.1997570991516113,0.11781205981969833
7,Initial Transfer Learning,2.2103207111358643,0.1181599497795105,2.201294183731079,0.08555399626493454
8,Initial Transfer Learning,2.2074875831604004,0.1040288656949997,2.1974785327911377,0.1669004261493683
9,Fine Tuning,2.2083802223205566,0.11154539883136749,2.2086992263793945,0.10378681868314743
10,Fine Tuning,2.206624746322632,0.10102225095033646,2.200240135192871,0.1023842915892601
11,Fine Tuning,2.2073373794555664,0.10823812335729599,2.191845655441284,0.19354838132858276
12,Fine Tuning,2.2015860080718994,0.11846061050891876,2.198007106781006,0.0883590430021286
13,Fine Tuning,2.199373722076416,0.114852674305439,2.2025742530822754,0.06732118129730225
14,Fine Tuning,2.1981234550476074,0.09891761839389801,2.2021217346191406,0.0883590430021286
15,Fine Tuning,2.199646472930908,0.09019843488931656,2.2015721797943115,0.06732118129730225
16,Fine Tuning,2.196988344192505,0.10072159022092819,2.201551675796509,0.06732118129730225
