sale_id,payment_id,order_id,location_id,product_id,product_name,quantity,unit_price,total_price,currency,sale_datetime,order_status,payment_status
V2CQnDnvjPezS8Eyf4Ra1S5vzQLZY_CHI74NB3HRW3WABQQJ2RUX42,V2CQnDnvjPezS8Eyf4Ra1S5vzQLZY,pm1dMWlPowPWjTWBTQPT2kx227aZY,LCQJDMZ076NK1,CHI74NB3HRW3WABQQJ2RUX42,SmartStock Coffee,1,350.0,350,USD,2026-09-23 13:41:58.056000+00:00,COMPLETED,APPROVED
frs3exVhHXiaDxksIYYe7ieJnSUZY_CHI74NB3HRW3WABQQJ2RUX42,frs3exVhHXiaDxksIYYe7ieJnSUZY,dGeOjaOaEcAxu0nDB8KH9nvXq0LZY,LCQJDMZ076NK1,CHI74NB3HRW3WABQQJ2RUX42,SmartStock Coffee,1,350.0,350,USD,2026-09-25 07:28:54.679000+00:00,COMPLETED,APPROVED
ZAaYSXSrJ4UDmcZOPr4Zh5kOrAEZY_CHI74NB3HRW3WABQQJ2RUX42,ZAaYSXSrJ4UDmcZOPr4Zh5kOrAEZY,hEk4myehipu0xecmElFuh79RI8VZY,LCQJDMZ076NK1,CHI74NB3HRW3WABQQJ2RUX42,SmartStock Coffee,1,350.0,350,USD,2026-09-25 07:28:56.474000+00:00,COMPLETED,APPROVED
zNQXGIdl8cQtSPclaZw5mR0nd1AZY_CHI74NB3HRW3WABQQJ2RUX42,zNQXGIdl8cQtSPclaZw5mR0nd1AZY,d8doV94tlAjIRodYMkT3QOIq0HYZY,LCQJDMZ076NK1,CHI74NB3HRW3WABQQJ2RUX42,SmartStock Coffee,1,350.0,350,USD,2026-09-25 07:28:58.715000+00:00,COMPLETED,APPROVED
R0IPZ5FQzOaDPCc5BjZbvXr0rsIZY_CHI74NB3HRW3WABQQJ2RUX42,R0IPZ5FQzOaDPCc5BjZbvXr0rsIZY,Vq0p8uvDMvi4FIhpGGYrI8h7ZR8YY,LCQJDMZ076NK1,CHI74NB3HRW3WABQQJ2RUX42,SmartStock Coffee,1,350.0,350,USD,2026-09-25 07:29:00.767000+00:00,COMPLETED,APPROVED
jBGn0a1v4ADtp8LHTiEsTaoos08YY_CHI74NB3HRW3WABQQJ2RUX42,jBGn0a1v4ADtp8LHTiEsTaoos08YY,NchsZmPNYGcDtgm6rTggDAVsGCUZY,LCQJDMZ076NK1,CHI74NB3HRW3WABQQJ2RUX42,SmartStock Coffee,1,350.0,350,USD,2026-09-25 07:29:02.518000+00:00,COMPLETED,APPROVED
VqIsMKO8eCl3vevP9THeo9vIkMSZY_CHI74NB3HRW3WABQQJ2RUX42,VqIsMKO8eCl3vevP9THeo9vIkMSZY,5u3aOuQRwrxvJhmPouFnMSttsKJZY,LCQJDMZ076NK1,CHI74NB3HRW3WABQQJ2RUX42,SmartStock Coffee,1,350.0,350,USD,2026-09-25 07:29:04.719000+00:00,COMPLETED,APPROVED
DXTq7iifi5upS2xaCKGjpOpH26GZY_CHI74NB3HRW3WABQQJ2RUX42,DXTq7iifi5upS2xaCKGjpOpH26GZY,fFBE7Zl0lP4dWFh0NwEipNGSdr5YY,LCQJDMZ076NK1,CHI74NB3HRW3WABQQJ2RUX42,SmartStock Coffee,1,350.0,350,USD,2026-09-25 07:29:06.597000+00:00,COMPLETED,APPROVED
DBYyN1ZxVhL3t3RvnT0rxeHt3URZY_CHI74NB3HRW3WABQQJ2RUX42,DBYyN1ZxVhL3t3RvnT0rxeHt3URZY,Fsba2nH3haRvXZIonkEhRIKyQf8YY,LCQJDMZ076NK1,CHI74NB3HRW3WABQQJ2RUX42,SmartStock Coffee,1,350.0,350,USD,2026-09-25 07:29:08.431000+00:00,COMPLETED,APPROVED
7dK5mi9ils4EQC9A10SsGCY4DwKZY_CHI74NB3HRW3WABQQJ2RUX42,7dK5mi9ils4EQC9A10SsGCY4DwKZY,fppHTTHadoj2AcTbdutEij7gstVZY,LCQJDMZ076NK1,CHI74NB3HRW3WABQQJ2RUX42,SmartStock Coffee,1,350.0,350,USD,2026-09-25 07:29:10.736000+00:00,COMPLETED,APPROVED
dqKmmxKy1O1OIGfrd0WrqrGeHLIZY_CHI74NB3HRW3WABQQJ2RUX42,dqKmmxKy1O1OIGfrd0WrqrGeHLIZY,F09xc8VbNDBf5HRP6fJXJaEi9BCZY,LCQJDMZ076NK1,CHI74NB3HRW3WABQQJ2RUX42,SmartStock Coffee,1,350.0,350,USD,2026-09-25 07:29:13.034000+00:00,COMPLETED,APPROVED
